{
    "mask_number": 975,
    "aws_w1": 62,
    "aws_w2": 93,
    "kma_window": 4,
    "kma_pow1": 14,
    "kma_pow2": 5,
    "ppo_wslow": 44,
    "ppo_wfast": 26,
    "ppo_wsign": 23,
    "roc_window": 2,
    "so_window": 32,
    "so_smooth": 2,
    "tsi_window_slow": 21,
    "tsi_window_fast": 39,
    "ult_window_1": 20,
    "ult_window_2": 40,
    "ult_window_3": 99,
    "ult_weight_1": 1.4169737823366564,
    "ult_weight_2": 9.051025803229141,
    "ult_weight_3": 9.1110340129596,
    "williams_lbp": 77,
    "C": 31.04474635638652,
    "kernel": "rbf",
    "gamma": 8.348825718727438
}